xdata,ydata
0.0012005698878550174, 0.4434589800442126
0.0034992929030818534, 0.6651884700663828
0.01058395034097816, 0.4434589800442126
0.03141170177924505, 1.9955654101994185
0.09499025072369564, 2.439024390243773
0.2767995063937227, 3.5476718403546386
0.8206967137998453, 8.647450110864625
2.381098241674736, 25.49889135254979
7.004187158510209, 59.20177383592013
21.028167573438864, 85.80931263858092
62.141264585210365, 102.88248337028827
188.09069070594595, 100.00000000000001
