xdata,ydata
0.0011468869272812188, 100.0
0.003396292799374933, 99.95
0.009910696851538295, 99.0
0.030247411862574517, 71.84035476718401
0.09141329378543087, 74.50110864745008 
0.26726024388006314, 63.63636363636359 
0.8146771340023482, 35.25498891352541 
2.481058745687988, 10.199556541019831 
7.257079373997076, 0.001
21.532063480531022, 0.22172949002204234 
65.20576738136299, 0.0001
193.39115570504694, -0.4434589800444968