Default Dataset,,Dataset 1,,Dataset 2,,Dataset 3,,Dataset 4,
0.03158493268192171,0.00260824950962255,0.030804302302814005,0.006387122444278415,0.030793906519582113,0.02705626950166473,0.03156057401543579,0.02116126960637188,0.031183904270510553,0.006392357790544256
0.0905398572410256,0.013821314141717389,0.090465669554473,0.03637518585479227,0.09385148250603152,0.036390891893589794,0.09266880293512252,0.06296027419253503,0.09267327146961868,0.06000753889862276
0.2758478262037592,0.01618245530759399,0.27904520033476043,0.060478720062544955,0.2721222763781554,0.09885380819087364,0.2686930981865265,0.1254231904898191,0.2822932471446026,0.10182224952358365
0.8402636201568381,0.057997165932554884,0.7969332004858434,0.30010051864830345,0.8173257954607198,0.2528672246382375,0.8158688923751579,0.3621184305129941,0.8478336675890367,0.2587884012648598
2.4651776227627455,0.1499926705152279,2.4769738060952236,0.6076718764179063,2.420418649352321,0.5220320822019171,2.4145901311561584,0.6696688468975338,2.4191351693855103,0.5545121704349527
7.315146694947743,0.29514264573458915,7.4206616667590435,0.918180263442624,7.145023208404901,0.9860774691638106,7.406362690231325,1.0362896751991175,7.31938069667992,1.0097098222076408
22.254844220830584,0.41372847400127033,21.745665027513898,1.0810414150791932,21.203102267561537,1.128274709089259,21.43542807966783,1.2109565326650704,21.433360975765932,1.2168620032528952
64.47191523463127,0.5293406255889765,62.96646222012635,1.2261809196060227,63.71167031629451,1.255713507891412,63.601169447491,1.3620119784722562,63.619572940835816,1.3442955667087821
