xdata,ydata
0.0011468869272812188, 99.11308203991132
0.0033409783742887546, 101.33037694013305
0.010105732660317078, 100.88691796008871
0.0299942578275094, 102.21729490022175
0.08911169910429555, 100.00000000000001
0.2695600375250914, 99.33481152993349
0.8169125794360375, 92.01773835920177
2.3857284594751484, 85.14412416851441
6.989592845900536, 66.74057649667401
21.770706444357, 27.050997782704997
62.75935927457562, 0.4434589800442126
193.39115570504694, -0.4434589800444968
