CONCENTRATION,RLU
0.009864077223665533, 0.6229508196721312
0.02948080756436596, 1.2459016393442623
0.08932351908475347, 2.1311475409836067
0.2706401798615695, 3.5081967213114758
0.8427636491373073, 4.278688524590164
2.4174533270966014, 4.524590163934427
7.527861489765279, 4.852459016393443
23.122862930969227, 5.229508196721312
67.24150794484292, 5.754098360655738