CONCENTRATION,RLU
0.009730001947443712, 0.14754098360655737
0.02908009624309287, 0.27868852459016397
0.08810940901415704, 0.4754098360655738
0.2706401798615695, 1.1147540983606559
0.8200091947340769, 2.1147540983606556
2.5886645720965586, 3.6885245901639347
7.425540706410257, 5.213114754098361
22.19274359509712, 6.426229508196721
67.24150794484292, 7.754098360655738