CONCENTRATION,RLU
0.009730001947443712, 0.18032786885245902
0.029887040516711174, 0.29508196721311475
0.08810940901415704, 1.0327868852459017
0.26333294771095866, 1.9672131147540985
0.8200091947340769, 3.1639344262295084
2.484535296245979, 3.737704918032787
7.225052553419435, 4.557377049180328
22.808570558331336, 5.0983606557377055
67.24150794484292, 6.19672131147541