CONCENTRATION,RLU
0.009730001947443712, 0.5901639344262295
0.029887040516711174, 1.0655737704918034
0.09055435907420895, 2.278688524590164
0.2706401798615695, 3.7704918032786887
0.8200091947340769, 4.770491803278689
2.4507648027093056, 4.868852459016393
7.527861489765279, 4.7377049180327875
22.498550134880436, 5.147540983606557
69.10739412802354, 5.081967213114754