,parameter,mean,std,2.5%,97.5%,rhat
0,$k_{on}$,6.049952621377114,0.5156254368096399,5.215036731655585,6.936624847831591,1.0031739791100067
1,$K_D$,-6.603524926620068,0.2184358818579896,-7.05468002457631,-6.18845118250572,1.0040428147218254
2,$k_2$,-3.7145224293186603,0.6229764988487267,-4.942844666680838,-2.642674696359162,1.0022729631045504
3,C,0.2838902987851152,0.011916983845525609,0.2584923430401909,0.3055028671855001,1.0019473280992224
