,parameter,mean,std,2.5%,97.5%,rhat
0,$k_{on}$,6.985278958929046,0.013274139005117183,6.950587698010864,6.999654263736557,1.0336292499712691
1,$K_D$,-11.709417621314062,0.20087868557083544,-11.987035611836108,-11.259814574028917,1.000388306085212
2,$k_2$,-8.543448867818602,1.4270454864399802,-10.840886769292693,-5.937083758724517,1.0056941091456073
3,C,0.7684128708990672,0.015481873944362845,0.7386775062220993,0.7983174509891086,1.0075189569202123
