,parameter,mean,std,2.5%,97.5%,rhat
0,$k_{on}$,6.415833086265278,0.41926870663361904,5.338796971636719,6.969465612098022,1.0506970117930814
1,$K_D$,-9.279587583672246,0.45621845856372634,-9.802183947321966,-8.29021738502547,1.3422407823354188
2,$k_2$,-8.044703938676244,1.6219291181143205,-10.808902135351719,-4.736348531297792,1.034742751570366
3,C,0.25985381619151027,0.03132281629306557,0.18801348965649126,0.30695296588258464,1.1447351441269
