,parameter,mean,std,2.5%,97.5%,rhat
0,$k_{on}$,5.904151210537123,0.4251101944964402,5.362446309033353,6.909411332792474,1.249263418368961
1,$K_D$,-7.798062355650125,0.6920004574295128,-8.626177178223696,-6.833213810583547,4.627089908896866
2,$k_2$,-5.146568046910548,2.7311729022421107,-10.57334695299922,-2.517205805313723,2.2121825583272283
3,C,0.29353695133391655,0.16967420534798433,0.09862041509053457,0.4814713762760945,13.473458360650342
