,parameter,mean,std,2.5%,97.5%,rhat
0,$k_{on}$,6.9984637898686,0.0013037299400030001,6.99524181609349,6.999947681986278,1.011700578795578
1,$K_D$,-11.934010275088195,0.053546931981432455,-11.997124981743124,-11.800704126164453,1.0107256814780685
2,$k_2$,-8.818832718631091,1.2698386360435139,-10.878492744848257,-6.490223194052157,1.0087432120153674
3,C,1.2515612471084152,0.005176528636974833,1.2414445360551245,1.2618319770383335,1.0064210665903879
