,parameter,mean,std,2.5%,97.5%,rhat
0,$k_{on}$,6.464466711608784,0.37565126055626646,5.583357092401125,6.985411968787568,1.0028521183057812
1,$K_D$,-10.221416632184448,0.702780245000948,-11.788574552342306,-9.016442410723258,1.0133436812724015
2,$k_2$,-8.409718181368879,1.492353873201703,-10.845610832876684,-5.56225542183833,1.0066080244420372
3,C,0.21032862228310575,0.05707751731789293,0.08759814892415474,0.30148623673514896,1.0030432096232147
