,parameter,mean,std,2.5%,97.5%,rhat
0,$k_{on}$,6.202570943984631,0.5343465076170316,5.095992177129015,6.9707216370051395,1.0028478537845986
1,$K_D$,-9.388841315899207,0.6758285493732364,-11.113559980366007,-8.44431799223065,1.0400505224480674
2,$k_2$,-8.086747048577,1.7516043755391817,-10.837291091546458,-4.441767741882064,1.0021746473200777
3,C,0.18104481346254672,0.05323793268903385,0.08453253311213522,0.2950487539177347,1.0100464130462512
