,parameter,mean,std,2.5%,97.5%,rhat
0,$k_{on}$,6.310102106919308,0.5174288974925826,5.052505143314074,6.972570948483271,1.0105931449193366
1,$K_D$,-9.745528424438767,0.8459712188495859,-11.683844652891466,-8.398012626449924,1.0119795650756724
2,$k_2$,-8.196359284540872,1.7158735697536704,-10.86448643230487,-4.522154219853976,1.0068330621749666
3,C,0.07512990704987042,0.06813986802926385,-0.054087742351324866,0.20187757535520634,1.0051215896336458
