,parameter,mean,std,2.5%,97.5%,rhat
0,$k_{on}$,5.734846620365934,0.515418797515434,5.111751414751563,6.910677690693495,1.3277713732216974
1,$K_D$,-7.466326716192831,0.5708039180467154,-8.123510669437549,-6.656045904266242,4.759547534718958
2,$k_2$,-4.371680429797647,2.129907590738045,-9.99605502269709,-2.5184284484877653,1.645659124829501
3,C,0.23829701186568306,0.15887836840536415,0.05946470861716612,0.4112154763400512,15.717237123546937
