,parameter,mean,std,2.5%,97.5%,rhat
0,$k_{on}$,6.547578272637592,0.3361838813374728,5.754281126373846,6.981984940290132,1.005635556433182
1,$K_D$,-10.300849725105035,0.7220525858820502,-11.804905694310653,-9.049181421245274,1.003140939426001
2,$k_2$,-8.490010678006202,1.5413433473637492,-10.87577647686188,-5.384202902191517,1.0096195613090604
3,C,0.28320418771056427,0.06088095719762051,0.1577734906369637,0.3890208224716355,1.0031026385534962
