,parameter,mean,std,2.5%,97.5%,rhat
0,$k_{on}$,6.997940497786127,0.0018466015748819582,6.993045841242383,6.999945792785734,1.0118219902412056
1,$K_D$,-11.917190574032073,0.06345174202693256,-11.99679770824138,-11.758019459117817,1.0066248284240606
2,$k_2$,-8.716581184586415,1.2734281243714745,-10.873589254845177,-6.444462006415252,1.0112672073932327
3,C,1.2088742499315652,0.005781582652754717,1.1972979502160905,1.2202253293053527,1.0048082546464232
