,parameter,mean,std,2.5%,97.5%,rhat
0,$k_{on}$,6.95728737331918,0.03703758656512659,6.863739204026682,6.998900459477451,1.0138813963665927
1,$K_D$,-11.50925726661908,0.3319376503704189,-11.981865741191355,-10.797508191571529,1.0075337828533384
2,$k_2$,-8.313470226272655,1.5865995625937965,-10.88630856949953,-5.391842094502293,1.0017840061420717
3,C,0.58047880744028,0.024824328448048594,0.5304380206979155,0.6281242001975469,1.0020924498461443
