,parameter,mean,std,2.5%,97.5%,rhat
0,$k_{on}$,6.53051250973372,0.33675340026512784,5.740595216057183,6.984998741147838,1.0038127954571778
1,$K_D$,-10.412252862860571,0.7133710486967509,-11.87536008767591,-9.240277104759622,1.0086357978136817
2,$k_2$,-8.389629049181167,1.5583569204912362,-10.854872377094884,-5.397806129383971,1.0087667297773535
3,C,0.25525916334334137,0.05598462256039424,0.14256392655125544,0.3557714571562309,1.0073573474901083
