,parameter,mean,std,2.5%,97.5%,rhat
0,$k_{on}$,6.492277889763626,0.35942233509631477,5.653481524723146,6.975796819105375,1.0115438337773761
1,$K_D$,-10.036959735552193,0.6412989571992579,-11.677147528834395,-8.956172731025195,1.0140087148352732
2,$k_2$,-8.351975335778604,1.5860657152223294,-10.888337864486482,-5.391837466777478,1.0075936886503654
3,C,0.26082259002447095,0.048638353931530834,0.15670098402901061,0.34741960086875173,1.0064374847505109
