,parameter,mean,std,2.5%,97.5%,rhat
0,$k_{on}$,5.912789514373921,0.4934886524381756,5.229412087483238,6.883182324826228,1.0177522553999325
1,$K_D$,-7.125067333730851,0.7409822798976138,-8.395909905378987,-6.285877246015835,3.7765131059762482
2,$k_2$,-4.97570836810423,2.411799937590355,-10.572702024436923,-2.6674571835804817,3.2742696358203762
3,C,0.22417477985178952,0.1396548760178759,-0.02297548750954566,0.3214679101611342,16.577925160662446
