,parameter,mean,std,2.5%,97.5%,rhat
0,$k_{on}$,5.584706717737946,0.08335313568223404,5.445320621817903,5.766720879963838,1.002681593066941
1,$K_D$,-6.961509215622653,0.18444458966407118,-7.382330203503028,-6.669118731852681,1.0092923269929994
2,$k_2$,-2.739635656940705,0.20202767805596006,-3.240167011905858,-2.507411761850669,1.0133050353879614
3,C,0.42855930893531785,0.010968818075365542,0.40745400855985975,0.44989154581127283,1.0031993714664518
