,parameter,mean,std,2.5%,97.5%,rhat
0,$k_{on}$,5.854848895524535,0.4727231226596799,5.20014481573331,6.923844309465568,1.2336864584513925
1,$K_D$,-7.619695766484746,0.6980111587647696,-8.420232146842997,-6.676119087194471,5.313939972330871
2,$k_2$,-5.007783340591033,2.5752047333716246,-10.466560798443703,-2.523057464384162,2.0066744533683525
3,C,0.29473565013054853,0.161927860398273,0.11318661580273387,0.47511616572827226,14.726078763736968
