,parameter,mean,std,2.5%,97.5%,rhat
0,$k_{on}$,6.0152728968737765,0.5108453746080526,5.107458848903609,6.944020200187973,1.12338620246924
1,$K_D$,-7.951266911344517,0.4936206096210147,-8.413996226091967,-6.922100573997527,4.221551821462987
2,$k_2$,-5.488791621556221,2.4397273686247853,-10.563894333998745,-2.5173197259278575,1.3877902447851211
3,C,0.25681756916828685,0.1421265792476405,0.1432602640790287,0.5127666409836584,9.355933396079301
