,parameter,mean,std,2.5%,97.5%,rhat
0,$k_{on}$,5.960773061950773,0.421346765008333,5.210715120867337,6.920059565500983,1.1054139138354946
1,$K_D$,-7.623163226805413,0.513536992505982,-8.25651752622085,-6.890863793399865,3.9408061424224474
2,$k_2$,-4.089191134193459,1.8905393831752333,-9.576101320900575,-2.5183521595072493,1.472230323171761
3,C,0.31481171667390256,0.14441331565465546,0.1469599993407455,0.4825147029522028,6.953241766639653
