,parameter,mean,std,2.5%,97.5%,rhat
0,$k_{on}$,6.057146025187256,0.5427808246041196,5.080711686071351,6.934080266118048,1.0058400977926343
1,$K_D$,-7.900376087533414,0.7508334176737764,-8.399658067811052,-6.323086197395934,6.547313487840642
2,$k_2$,-7.617908570713801,2.5394780409517344,-10.844647616406048,-2.8003822770096294,2.519219220104536
3,C,0.096308728485241,0.1376949054352375,0.006265847002264799,0.3487242648171191,19.63162511683034
