,parameter,mean,std,2.5%,97.5%,rhat
0,$k_{on}$,5.788447735391578,0.4673771496547789,4.793598471670644,6.460470112390404,1.1553283198271616
1,$K_D$,-8.330991234902163,0.6483017705707205,-9.554540076279867,-7.876670019614901,11.325696883823795
2,$k_2$,-7.261149496199812,1.6708988100702316,-9.866817778162698,-4.281087244034075,1.2172256064301812
3,C,1.2987808247149102,0.03363876696877356,1.2632841554595866,1.3638879232103442,4.185575479339611
