,parameter,mean,std,2.5%,97.5%,rhat
0,$k_{on}$,5.018953908559059,0.20463603497819055,4.6834192114274265,5.488627955627968,1.0590121450243528
1,$K_D$,-10.178813011279429,0.9681634058510051,-11.903780417365738,-8.547390448393195,1.031780121443169
2,$k_2$,-5.53197425408742,0.8875539806938331,-7.893841970455913,-4.3314852354434565,1.0943296959317845
3,C,1.6272292204369037,0.0748523742348623,1.4638426341583737,1.7373025957557453,1.094965190219922
