,parameter,mean,std,2.5%,97.5%,rhat
0,$k_{on}$,5.149058329209133,0.14595113146001265,4.986998030615106,5.453146358477408,3.354579434949387
1,$K_D$,-8.999737056353029,0.8929671511615408,-11.392236642846017,-8.36501196469092,2.668939394394923
2,$k_2$,-5.469395450193079,2.0573091734554683,-9.525585532911661,-4.0229103893048945,8.653595785762077
3,C,1.4186238565160567,0.11731146435594188,1.2046508387168406,1.4993957150849206,17.74929327002588
