,parameter,mean,std,2.5%,97.5%,rhat
0,$k_{on}$,5.684043639686579,0.355325947122089,5.214023344255966,6.437612883485401,1.0275075333241483
1,$K_D$,-8.892204705139612,0.11379232273936012,-9.174213440088984,-8.75192787476109,1.0347781123960687
2,$k_2$,-7.359472925350309,1.318212468716408,-9.794891809680456,-5.326843346652513,1.0023737640060624
3,C,1.5523046848219972,0.008348725305978914,1.5359461311572793,1.5681234129469854,1.0091739458985023
