,parameter,mean,std,2.5%,97.5%,rhat
0,$k_{on}$,5.398367598664098,0.6230363979305071,4.135347951385776,6.412485434812023,1.0568333656321303
1,$K_D$,-7.87872998842992,2.3933167388659706,-11.810273941738032,-5.071164032392403,2.8831763082850035
2,$k_2$,-7.366834657186934,1.6011396725361646,-9.86954749349395,-4.317807337825041,1.016573595633892
3,C,0.3203203201413593,0.5628304063879019,-0.37968772483379387,1.3066411190013536,2.3343076439139625
