,parameter,mean,std,2.5%,97.5%,rhat
0,$k_{on}$,5.9524347331966325,0.3282693305132632,5.281540498340108,6.464339303177949,1.0293277924454571
1,$K_D$,-8.921080107665894,0.12612950923964855,-9.184162460182627,-8.704744850621642,1.044184429881949
2,$k_2$,-8.913914573746167,0.48922076251455743,-9.925292245516806,-8.016883334757445,1.0046867778768598
3,C,0.898824154247947,0.011108811362559506,0.8775280869598633,0.9205310419920545,1.0358802203343829
