,parameter,mean,std,2.5%,97.5%,rhat
0,$k_{on}$,5.509025019575359,0.6305054849233374,4.074979570851912,6.444059042159097,1.0255170424384674
1,$K_D$,-7.869885230914777,0.3914499839108127,-8.946577152952743,-7.311742153980431,1.154299218880627
2,$k_2$,-5.299985795391722,1.1393960467214304,-8.18401232713271,-4.072216728832952,1.0534041003828538
3,C,0.4931212033498307,0.06355484512574404,0.3540616481153153,0.6151388480428727,1.0353729433703454
