,parameter,mean,std,2.5%,97.5%,rhat
0,$k_{on}$,5.261255964102278,0.7164373120590466,4.069640226704539,6.445665485683551,1.0041357916012064
1,$K_D$,-5.974030949672888,0.8246560011437667,-7.429361253609077,-5.034363183626691,2.872103800862788
2,$k_2$,-7.131753025930165,1.4958591629753393,-9.821365388129951,-4.367124557637412,1.0125639882856785
3,C,0.3342960150335303,0.27707122996123995,-0.25361053518565746,0.6866159007192649,1.1745050250713198
