,parameter,mean,std,2.5%,97.5%,rhat
0,$k_{on}$,5.267144235430579,0.6961918975032535,4.079289172548792,6.437875636918374,1.002637188063804
1,$K_D$,-5.485369320941431,0.3364453308219909,-6.263940366076699,-5.022855891402351,1.0019727002138934
2,$k_2$,-7.089547410676071,1.6527492706579832,-9.838857943858258,-4.225616905454503,1.0030509879477527
3,C,0.8249580838603111,0.2838401472592237,0.22081864604333956,1.2626585571886266,1.0020543261891168
