,parameter,mean,std,2.5%,97.5%,rhat
0,$k_{on}$,5.935185595414909,0.3127597239188679,5.3534799649582085,6.466690425808436,1.0120752901529695
1,$K_D$,-8.618896844158838,0.062426574006934465,-8.741358565694803,-8.489196842547562,1.0180901665611426
2,$k_2$,-7.316786422243488,0.4980402888055063,-8.289957733576268,-6.331829877356278,1.0075279513742972
3,C,0.9088437707982164,0.009116180900473734,0.8904691933906022,0.9258117545746974,1.0229278364260879
