,parameter,mean,std,2.5%,97.5%,rhat
0,$k_{on}$,5.552736984816505,0.6601605127933295,4.189814971177266,6.45582842180372,1.1127052436900182
1,$K_D$,-7.805099868558101,1.3037989139375241,-10.934386066435955,-7.02418200471141,4.451967622098364
2,$k_2$,-8.029972905316784,1.1207771344012913,-9.885534080323856,-5.818797637200532,1.0742008474631246
3,C,0.9817122190437648,0.03227417839134149,0.9495980383702711,1.055714052473699,2.7178852171368493
