,parameter,mean,std,2.5%,97.5%,rhat
0,$k_{on}$,5.607935019917089,0.44151822178004746,4.852765549769153,6.460315134382213,1.1169075165318365
1,$K_D$,-8.560322564027938,1.21153999406935,-11.399408134835316,-7.828198989905642,4.1814525668009646
2,$k_2$,-6.878642690334855,1.7227521629262978,-9.751403106216975,-4.4357283285239815,1.7991740998959946
3,C,1.2011637288139234,0.016194636727427016,1.1687019888844334,1.2233251154991496,2.7200839480983308
