,parameter,mean,std,2.5%,97.5%,rhat
0,$k_{on}$,5.3142588895699125,0.6592529524284811,4.122078092840434,6.389657594661474,1.0295761662793304
1,$K_D$,-7.854856242205785,0.9185637754462012,-10.013321386178136,-6.526723514483962,1.0512776936196888
2,$k_2$,-6.982851666500159,1.683980066082232,-9.882467920155252,-4.132071607614842,1.0686888507678525
3,C,-0.06186972894455932,0.13313874601964013,-0.3353380918026642,0.19473111986588448,1.0329003837840205
