,parameter,mean,std,2.5%,97.5%,rhat
0,$k_{on}$,5.489538660708255,0.6042752241258715,4.387853726414246,6.4477957127520575,1.0030761664036216
1,$K_D$,-8.01467618063587,0.2234019381201372,-8.469224250560853,-7.633675552910651,1.005749703187291
2,$k_2$,-7.34301659639301,1.5862065134227268,-9.866377221033755,-4.33729941692158,1.0037252231516418
3,C,0.6330914512128966,0.03471541305017254,0.5622084454531893,0.7033783809368751,1.0074817845165085
