,parameter,mean,std,2.5%,97.5%,rhat
0,$k_{on}$,5.151663369887923,0.6998861448220682,4.0535611694264855,6.416927230991124,1.0072144109554202
1,$K_D$,-6.382664300860423,0.062253852265676465,-6.50235056327245,-6.256140356838113,1.0016627474863797
2,$k_2$,-6.495965321313178,1.59967483034234,-9.701705726138872,-4.128075948908262,1.0037544926372182
3,C,0.6459071252759366,0.03064255757244565,0.5888038495503243,0.7096300439746931,1.0021834900027342
