,parameter,mean,std,2.5%,97.5%,rhat
0,$k_{on}$,5.225032933402282,0.6737833222098348,4.098951194902226,6.420827011431346,1.0214418652447061
1,$K_D$,-6.566321865164256,1.7025866564844285,-11.047885923450297,-5.043893222596697,1.6826404126726322
2,$k_2$,-7.093750637197605,1.5250265378152297,-9.798846010189026,-4.434645244744712,1.023205047085541
3,C,0.2995869227324037,0.49811321464907987,-0.5189787727482361,1.058366685083346,1.7062115765566543
