,parameter,mean,std,2.5%,97.5%,rhat
0,$k_{on}$,4.298563347643907,0.375847233081385,4.008785883677106,5.577825038937492,1.040553225451526
1,$K_D$,-9.774257744688532,1.207543724335826,-11.870937084953978,-7.706044835142708,1.0031694930858175
2,$k_2$,-6.800758187627506,1.598307855776506,-9.741698244621869,-4.161481409196979,1.0049791190703745
3,C,0.4341567985180393,0.059165288512226404,0.30400123731572964,0.5370066759250882,1.0076575396840926
