,parameter,mean,std,2.5%,97.5%,rhat
0,$k_{on}$,6.280839015624859,0.21198920370151683,5.7049605208087275,6.494558727448306,1.012177027619697
1,$K_D$,-10.941495977473124,0.6782424131849768,-11.950333509361235,-9.543709478535227,1.0039332257117024
2,$k_2$,-7.539527272950706,1.4744582188347846,-9.88281581143752,-4.53885880161845,1.000427710179299
3,C,0.8126186827085041,0.0652071917252656,0.6786325610570613,0.9320397085270086,1.0049274204874679
