,parameter,mean,std,2.5%,97.5%,rhat
0,$k_{on}$,5.611754612888254,0.46479058892403263,4.762731428836955,6.458937279383896,1.073042232782354
1,$K_D$,-8.574023659815312,1.2240555294807987,-11.648027981974668,-7.833429395077627,3.683031217213577
2,$k_2$,-8.885196694669022,0.8129624595744421,-9.945924462040082,-7.038160662624744,1.0789727364913855
3,C,1.2018589553881254,0.01552548530838913,1.1714136423140167,1.2236086476487162,2.422068272016577
