,parameter,mean,std,2.5%,97.5%,rhat
0,$k_{on}$,4.905083905809196,0.13471564458244037,4.6664523232367605,5.1068310111457995,1.0073101721814115
1,$K_D$,-10.835159113699802,0.6983580724549969,-11.937828747173109,-9.481986480304686,1.0015128384195249
2,$k_2$,-5.053876119604538,0.5048878782334542,-5.979654141030904,-4.084085476258944,1.0145081577727366
3,C,1.488728052998638,0.014699617229268092,1.4599436038894664,1.5141505254500063,1.010100660248439
