,parameter,mean,std,2.5%,97.5%,rhat
0,$k_{on}$,5.956052185281697,0.3207924427115656,5.345197743301719,6.4738142124806775,1.0023315885839117
1,$K_D$,-9.052614856622984,0.1566195116306669,-9.399572572752923,-8.774291718586582,1.0056239874345463
2,$k_2$,-8.955798557917634,0.4406506166719402,-9.878461066413172,-8.172246826198915,1.002402892455702
3,C,0.8977416318747248,0.010674291965145622,0.8761546878664858,0.9182958746322286,1.0065349514707354
