,parameter,mean,std,2.5%,97.5%,rhat
0,$k_{on}$,6.323728746341363,0.16010626953203633,5.931520731779374,6.494420857671656,1.0088154393598017
1,$K_D$,-11.087814174427491,0.5978125715720928,-11.952535392397222,-9.829385063050202,1.0028531700723775
2,$k_2$,-7.565354479219139,1.463473786654281,-9.850919215405519,-4.5982125345966685,1.0061865369324174
3,C,0.15202076127572467,0.05118659603217046,0.04681435598494084,0.24807954644576705,1.002289590445284
