,parameter,mean,std,2.5%,97.5%,rhat
0,$k_{on}$,6.252213378518908,0.22813109701026832,5.655955355439036,6.491296421328482,1.0139999570705105
1,$K_D$,-10.91315502787645,0.6781556929450997,-11.93717290285318,-9.521311625520656,1.0035110327018895
2,$k_2$,-7.572990242014368,1.5088491299016642,-9.890050763745512,-4.481888746107453,1.0056514470614302
3,C,0.826453951369996,0.06479370723961457,0.688387645761226,0.946521985794071,1.006824544463352
