,parameter,mean,std,2.5%,97.5%,rhat
0,$k_{on}$,5.919924288489351,0.4238218136640704,4.919709661445532,6.477380505038115,1.15538528458165
1,$K_D$,-8.852393439997064,0.8103574169117052,-10.218636740613396,-7.923017171699058,3.5406011980303242
2,$k_2$,-8.439525648456318,1.0113741223413273,-9.941793429323964,-6.21284408089841,1.0280470614537298
3,C,1.3315857329182328,0.03914436957624485,1.2664274897497847,1.389248486539944,2.5201469245918435
