,parameter,mean,std,2.5%,97.5%,rhat
0,$k_{on}$,5.722930028798042,0.5190826036836881,4.82874806007756,6.465878277978135,1.0114291057721359
1,$K_D$,-9.971938151692498,0.8125666406445269,-11.785213583838871,-8.848272523810952,1.0258441241262903
2,$k_2$,-5.592109713938651,0.9971483321405789,-8.222170234147185,-4.122860914472685,1.0188820322616934
3,C,1.5863868879167096,0.07217499176473961,1.4722002063085287,1.7342805797921037,1.013851164261127
