,parameter,mean,std,2.5%,97.5%,rhat
0,$k_{on}$,6.0138299293704565,0.3146272020080201,5.3695132540537385,6.476535787281087,1.010446100404924
1,$K_D$,-9.13315055276523,0.2266884438830408,-9.667731899974841,-8.829561821345559,1.03461532535682
2,$k_2$,-7.625290256202755,1.3769715099746063,-9.87056228185287,-5.168188716004156,1.0058964920470326
3,C,1.6014180275382996,0.01968720803654839,1.5601799357447972,1.6385588555921424,1.004935118472724
