,parameter,mean,std,2.5%,97.5%,rhat
0,$k_{on}$,6.158182636270347,0.3013191019233973,5.384524829377083,6.489582910215003,1.0079955701290013
1,$K_D$,-10.736340690597585,0.7899893818439042,-11.94237554984209,-9.129477350239213,1.0047702111234071
2,$k_2$,-7.675904827156198,1.458702792805685,-9.867129178966458,-4.629261889880935,1.0020837994691214
3,C,0.2558334331295882,0.07354564302335835,0.10865487642228559,0.3973514222138597,1.004391831281268
