,parameter,mean,std,2.5%,97.5%,rhat
0,$k_{on}$,5.437113692947814,0.6758119971265598,4.136664041891109,6.439103333161619,1.009623455748314
1,$K_D$,-7.484497535808681,1.3958901724196817,-11.080637378793723,-5.568469475509194,1.0545044248037774
2,$k_2$,-7.350481855065168,1.6243189353410001,-9.838299675044182,-4.290460335199681,1.0062365068335128
3,C,-0.4042989724774617,0.29956111191424767,-0.8618345465010095,0.3239794375735019,1.0444141453805365
