,parameter,mean,std,2.5%,97.5%,rhat
0,$k_{on}$,5.18768063111624,0.7147746821313125,4.05599529834195,6.438077735945395,1.0040624378764822
1,$K_D$,-6.3903882908575955,0.06677112356119487,-6.517731422718302,-6.254589578512762,1.0032395518311432
2,$k_2$,-6.5478838501152685,1.6188290160320664,-9.707817074144087,-4.114987830808005,1.004586220014796
3,C,0.6439702997530833,0.032795519053750784,0.5839570290664285,0.7113576787450248,1.0033507001351587
