,parameter,mean,std,2.5%,97.5%,rhat
0,$k_{on}$,5.9723673831227,0.36959301620850876,5.141652174636256,6.477413068997095,1.0055361413017465
1,$K_D$,-8.65152381233328,0.07582043183474958,-8.813664046436706,-8.520278126725247,1.0061305146579473
2,$k_2$,-9.3232410741411,0.5250201854695219,-9.973935689651071,-8.03269894625442,1.0063528417919472
3,C,0.9015378473178383,0.00978667508001617,0.8811260840596558,0.919754364261349,1.004023531294505
