,parameter,mean,std,2.5%,97.5%,rhat
0,$k_{on}$,6.114955909730037,0.32364353377153254,5.292768981583485,6.4892848093646,1.0022805369584715
1,$K_D$,-10.554028680804619,0.8289868189928067,-11.907947490839815,-8.973843284220484,1.0108785223945944
2,$k_2$,-7.782472323745074,1.3164261761800138,-9.875662484844343,-5.108726981802576,1.0077353845793697
3,C,1.036947462645478,0.07837767981631641,0.8914073083054813,1.1993885748723947,1.0025706185537528
