,parameter,mean,std,2.5%,97.5%,rhat
0,$k_{on}$,5.541106127575073,0.6503835171206561,4.166021195536325,6.453719892339331,1.068938835508688
1,$K_D$,-7.765406253465168,1.2975954344727976,-11.189572231476424,-7.023765615379302,2.6629852902970437
2,$k_2$,-8.057383944838373,1.1670598477781522,-9.941947048479058,-5.6686141126717375,1.040401124967459
3,C,0.9769629158945167,0.03717058966009849,0.877048227670524,1.0577839100887836,1.2927044164244064
