,parameter,mean,std,2.5%,97.5%,rhat
0,$k_{on}$,5.890992944887319,0.09736705162037745,5.633644989169487,5.9954657202314054,1.0082147659667309
1,$K_D$,-7.5203312528359865,0.17058361805819688,-7.889271518609419,-7.188886813842248,1.0050804510397675
2,$k_2$,-1.5819914917634457,0.7310385282361535,-3.165338998425188,-0.5431263793242596,1.0006371821787117
