,parameter,mean,std,2.5%,97.5%,rhat
0,$k_{on}$,5.738210264885667,0.1914171703851657,5.290990323237247,5.98961605262182,1.0061034078054085
1,$K_D$,-10.07406074521989,0.9014174792202674,-11.87563290953023,-8.795469566003629,1.0175788024641363
2,$k_2$,-7.772166124185049,0.19885627479939894,-7.993123819568605,-7.251237227481255,1.0061488105546197
