,parameter,mean,std,2.5%,97.5%,rhat
0,$k_{on}$,5.02272224424767,0.5676720397710667,4.050307246441361,5.956298715660115,1.0129989053242705
1,$K_D$,-6.0733776262827455,0.057325714469211086,-6.213743414171758,-6.002552642589552,1.004501173494466
2,$k_2$,-5.59396708489105,1.1492808893740591,-7.784673794689653,-3.611358855327308,1.0095938340251813
