,parameter,mean,std,2.5%,97.5%,rhat
0,$k_{on}$,5.360413208401982,0.3849975897633178,4.554360618648979,5.962327077462371,1.0100359655172855
1,$K_D$,-7.015273251928275,0.35632086505008365,-7.742721568214162,-6.552865255227206,1.0095792058581352
2,$k_2$,-2.3060314341920107,0.9959965255704576,-4.080994916646331,-0.667337647451324,1.0050734982107512
