,parameter,mean,std,2.5%,97.5%,rhat
0,$k_{on}$,5.126081897055617,0.5608472030185382,4.080536920253018,5.972042723366367,1.0033248786685434
1,$K_D$,-6.019291436483209,0.016914016132564366,-6.063585031738264,-6.000578170843102,1.0053042746204253
2,$k_2$,-6.48171403339332,0.9651964437657141,-7.906408595412189,-4.527184887578121,1.0115443669093462
