,parameter,mean,std,2.5%,97.5%,rhat
0,$k_{on}$,5.0980600550237485,0.5616550574312287,4.076212211710397,5.958312414063365,1.0051708155453958
1,$K_D$,-6.018036586672984,0.016650534676299095,-6.059710586029042,-6.000733716505251,1.0043088748525406
2,$k_2$,-5.995036745707299,1.2245783936031258,-7.8999300032732584,-3.513551990949357,1.0067320059213616
