,parameter,mean,std,2.5%,97.5%,rhat
0,$k_{on}$,5.466653016907315,0.4941596630387755,4.640399150497441,6.625544689891105,1.0135724327792888
1,$K_D$,-6.711589606999921,0.6043613511331053,-8.321056289329405,-6.136426482126135,1.2421441603491907
2,$k_2$,-2.1039220032695973,1.3401991526961174,-6.2543070740228455,-1.036560455277332,1.2958925082068458
3,C,0.6297379461142572,0.13052259034683142,0.2827483439846698,0.7615002355177325,1.3188734758852771
4,b,0.4281282322871017,0.0989034831927781,0.25503115083923933,0.659844464876868,1.0625241621119765
