CONCENTRATION,RLU
0.010523511132418732,0.18285714285714286
0.030728023481909197,0.5485714285714286
0.09204260882470633,0.8533333333333333
0.28282874453017576,2.4076190476190478
0.8690768303282137,4.571428571428571
2.537652396987647,6.826666666666666
7.897814430597087,8.685714285714285
21.361900565398205,11.093333333333334
69.07727231514691,14.476190476190476