CONCENTRATION,RLU
0.010258416609018531,1.0666666666666667
0.030728023481909197,1.7676190476190476
0.09204260882470633,3.382857142857143
0.28645981816441324,6.613333333333333
0.8471841839257903,9.295238095238096
2.570231839105059,10.727619047619047
7.698863023026227,11.58095238095238
23.357214690901213,11.245714285714286
70.86234376233992,12.007619047619048