CONCENTRATION,RLU
0.010390118449084003,0.3047619047619048
0.0303385248198897,0.4876190476190476
0.08972399185249351,1.3714285714285714
0.279243697231575,3.4438095238095237
0.8364455463978202,7.0095238095238095
2.570231839105059,8.685714285714285
7.698863023026227,10.24
24.268422727914874,10.971428571428572
68.20167076015107,12.76952380952381