CONCENTRATION,RLU
0.009873243177437426,0.7314285714285714
0.0303385248198897,1.401904761904762
0.09563336080514029,2.986666666666667
0.28282874453017576,7.497142857142857
0.8471841839257903,10.17904761904762
2.5054859215266014,11.093333333333334
7.698863023026227,11.154285714285715
23.06114605908816,10.575238095238095
68.20167076015107,10.666666666666666