,parameter,mean,std,2.5%,97.5%,rhat
0,$k_{on}$,6.015632742052594,0.17954086111176554,5.680739977785662,6.37694021107604,1.0031471858847545
1,$K_D$,-8.81007585171543,0.05072674511870415,-8.912320158167562,-8.711712135152712,1.0027936068452417
2,$k_2$,-4.017385109572817,0.34224509352103094,-4.683475257453231,-3.3162584177213916,1.006828266948335
3,C,1.643275141339799,0.008289934016739135,1.6269286817844975,1.6595373482387603,1.0086613417147032
