,parameter,mean,std,2.5%,97.5%,rhat
0,$k_{on}$,6.0707753246292375,0.24844185370742752,5.603272846883614,6.476025527921256,1.0050251038779137
1,$K_D$,-10.782837976210477,0.5951711367833471,-11.904885911272883,-9.774506581297103,1.0038927484653453
2,$k_2$,-10.464040842868805,0.3569094119698841,-10.973168455598682,-9.696773412594128,1.0075016379806236
3,C,0.8960721461730718,0.006389915878794542,0.8828496184205452,0.9085194547464435,1.0012379838683771
