,parameter,mean,std,2.5%,97.5%,rhat
0,$k_{on}$,6.380705517336128,0.09798131545434487,6.133735464214157,6.496085698628955,1.0073571821134146
1,$K_D$,-9.062487764100855,0.06405823206838071,-9.190088323172938,-8.93101092383685,1.005520567209346
2,$k_2$,-3.7576213322432213,0.3311514420191717,-4.431431609407558,-3.1412547619586033,1.00567914318849
3,C,1.5974391669880432,0.01010453033854315,1.5776490254723472,1.6179818199101188,1.0026927139778519
