,parameter,mean,std,2.5%,97.5%,rhat
0,$k_{on}$,6.346224149206841,0.13044702602778926,6.020410851887618,6.495881945497093,1.0044111350430982
1,$K_D$,-9.097008205827745,0.09975840189955792,-9.301567521112977,-8.904516196668473,1.005386879450976
2,$k_2$,-4.088468866288508,0.43602065050734723,-4.991953590605079,-3.264061473676943,1.0068857922260157
3,C,1.6344732781285383,0.015548076320245597,1.603360303898908,1.6657893473340444,1.0055578862873287
