,parameter,mean,std,2.5%,97.5%,rhat
0,$k_{on}$,5.448814979598819,0.15866674210756104,5.088125950137281,5.708506994292254,1.0102224723147601
1,$K_D$,-8.532128341154294,0.17144479670356116,-8.899140884400493,-8.248902580195765,1.0065769080887021
2,$k_2$,-3.4944139181705145,0.3545256000050567,-4.307820051851665,-3.020837720813282,1.0027416680976562
3,C,1.722738672192305,0.03197752960778254,1.6720070923948875,1.7920316493264048,1.008934804435162
