,parameter,mean,std,2.5%,97.5%,rhat
0,$k_{on}$,6.328272297781858,0.13381434920340074,6.007658239152911,6.494678161366123,1.0044874135942634
1,$K_D$,-9.073117398242909,0.09708352730371679,-9.270274057871939,-8.87866750837002,1.0031772482825692
2,$k_2$,-3.9024044351403098,0.37467505560321634,-4.684917816334825,-3.182806803042055,1.0036334213209122
3,C,1.6767879246860826,0.01456643128966432,1.648732930890474,1.706233290847179,1.0023305607052517
