,parameter,mean,std,2.5%,97.5%,rhat
0,$k_{on}$,6.30309856411471,0.1288510434411298,6.010373621927569,6.489125063976584,1.0043420450404286
1,$K_D$,-9.095668902100225,0.07127137540287153,-9.238271374904263,-8.957037221531719,1.0030788069042496
2,$k_2$,-4.206656701966852,0.31360081305116416,-4.846242013038836,-3.6047859076898408,1.0011846058030294
3,C,1.4743730900673904,0.010891048849411696,1.4524019859219182,1.4964158921918191,1.0057657468807863
