,parameter,mean,std,2.5%,97.5%,rhat
0,$k_{on}$,6.3426196191571,0.11880482462334634,6.061569184240565,6.494067826748558,1.0037198417588005
1,$K_D$,-9.082300654002736,0.06345252626467791,-9.212089841432428,-8.958455169180407,1.0029304983083502
2,$k_2$,-4.5629109427501735,0.30907064069571905,-5.191087499624613,-3.9803384073243597,1.0016742633547775
3,C,1.5369923900452938,0.009959823375328972,1.5177313005754252,1.5565582124400204,1.0022236042754893
