,parameter,mean,std,2.5%,97.5%,rhat
0,$k_{on}$,5.541179014959918,0.1161815663251083,5.318009118418721,5.778295311483234,1.0028840350233108
1,$K_D$,-8.575937480343493,0.04536371725298361,-8.667323651812213,-8.485868003954234,1.003328325383537
2,$k_2$,-4.755068765445282,0.31873840873430526,-5.285132230827561,-4.014190243684896,1.004505802950105
3,C,1.5387535387240363,0.007621871766585907,1.5244901205024723,1.554083528692506,1.001551578439326
