,parameter,mean,std,2.5%,97.5%,rhat
0,$k_{on}$,6.3261614008435,0.15241999149729615,5.922306099656108,6.495346207128932,1.0077038121212483
1,$K_D$,-10.802175140853448,0.6766065858408483,-11.9206040240791,-9.531135140374579,1.0085211756383154
2,$k_2$,-7.668815881048173,1.9803290083816383,-10.831429184744863,-3.8642837270718706,1.007857880979185
3,C,1.2432827751248667,0.03836877204897946,1.1683009758428344,1.323112031762931,1.0045273059288293
