,parameter,mean,std,2.5%,97.5%,rhat
0,$k_{on}$,6.28024749769385,0.18694143354887863,5.806756387870397,6.492844254831304,1.0035203485875164
1,$K_D$,-10.671094152480126,0.7140839076280254,-11.929725336910694,-9.404677741625068,1.0034930516473057
2,$k_2$,-7.520018709836949,1.9456528127696213,-10.824683601672326,-3.9571394446937136,1.0047591708434578
3,C,1.2693837564034007,0.0392907054866434,1.1955149767332494,1.346870199012363,1.0007305816326781
