,parameter,mean,std,2.5%,97.5%,rhat
0,$k_{on}$,5.760181095761866,0.12979449467024695,5.526949554483011,6.042737167267612,1.0015778480081816
1,$K_D$,-8.610421339959288,0.0417610734283083,-8.689368494371564,-8.524672456854109,1.0047001301390288
2,$k_2$,-4.6636687688272715,0.35930063157778325,-5.27749185398021,-3.8486228375360074,1.003209997564239
3,C,1.4753902761657103,0.007409643478619521,1.4615827596242088,1.490739813310276,1.0032413761336567
