,parameter,mean,std,2.5%,97.5%,rhat
0,$k_{on}$,6.2644492214999286,0.19223355513120213,5.790844043732123,6.49213591816473,1.0116711405641639
1,$K_D$,-10.247345288314644,0.7356835511676346,-11.844345050946634,-9.210479301868816,1.0032762691131853
2,$k_2$,-6.829070406514698,2.0806472968251435,-10.709218427027471,-3.5918723440680953,1.0074498114344521
3,C,1.456948742234683,0.0355825237637756,1.389316386284098,1.5282999035746385,1.00335805411129
