,parameter,mean,std,2.5%,97.5%,rhat
0,$k_{on}$,6.383936624158275,0.09886424712560926,6.131941044314274,6.496692589105744,1.0061394876064689
1,$K_D$,-9.114553747716993,0.06831329662458749,-9.249262885032252,-8.980534417863469,1.0021619585739558
2,$k_2$,-3.874718200213193,0.40326372044875236,-4.6870010184326425,-3.126637357006318,1.0031162110950216
3,C,1.7790161230526618,0.011091085431789808,1.7588049372434102,1.8011394179332958,1.0027084582096573
