,parameter,mean,std,2.5%,97.5%,rhat
0,$k_{on}$,5.956434268031843,0.13001705266061223,5.7092246550153565,6.23716872266992,1.0038806182377278
1,$K_D$,-8.72050028049613,0.0380351471810712,-8.794199602605229,-8.64336688913328,1.0014094626066483
2,$k_2$,-4.343445808963985,0.32122467435900376,-4.892676216597582,-3.615002444103783,1.0037848730807895
3,C,1.7433481857276485,0.006593863298934505,1.7304640010052232,1.7568993136718618,1.0006396728927542
