,parameter,mean,std,2.5%,97.5%,rhat
0,$k_{on}$,5.410679693195521,0.2547101949739972,5.096313353234108,6.018935523848942,1.9350251051996117
1,$K_D$,-9.203448288564426,1.6861376604778113,-11.81987578335644,-6.916714965334398,3.0686904201250513
2,$k_2$,-7.187257969604437,3.3820013818531622,-10.962513992053722,-3.079912480876719,7.759744732801291
3,C,1.1394575851135804,0.14856608323961787,0.9799647259572479,1.3058623606726156,16.537564621206766
