,parameter,mean,std,2.5%,97.5%,rhat
0,$k_{on}$,5.421145432314548,0.09293403803444884,5.269011332823005,5.627900763410721,1.0077262279649035
1,$K_D$,-10.858396929273777,0.6551084744327198,-11.938779792337895,-9.65298862622734,1.0044285739993613
2,$k_2$,-10.63433207389796,0.25785027042727277,-10.984055162597274,-10.041613962984183,1.0055907966863629
3,C,0.9651458437661664,0.00560846224082178,0.9538143042858569,0.9761042601686731,1.0057413472513612
