,parameter,mean,std,2.5%,97.5%,rhat
0,$k_{on}$,6.157898513276349,0.16106474847484245,5.845000588177254,6.458236330393564,1.0040553313680227
1,$K_D$,-8.756947074039358,0.04797387540929084,-8.850267358903224,-8.659279273742362,1.001459884385966
2,$k_2$,-4.114186010722303,0.37964522878461987,-4.797756504047541,-3.2633136509775156,1.00218038662876
3,C,1.6998359600002966,0.00827302959832982,1.6837391973149296,1.7166152452758114,1.0014002140434153
