,parameter,mean,std,2.5%,97.5%,rhat
0,$k_{on}$,6.344710307533068,0.13420032628680037,6.000750220334178,6.494563519937394,1.0047754811466352
1,$K_D$,-10.910781092648143,0.6556050854738721,-11.93478237747134,-9.650758715916085,1.0126623258917342
2,$k_2$,-7.6245381186066234,1.9529550814401009,-10.834924762547091,-4.057784294441361,1.0045787223472369
3,C,1.3349615808505821,0.036875437905113925,1.261234918584618,1.409047380112572,1.0100257370287766
