,parameter,mean,std,2.5%,97.5%,rhat
0,$k_{on}$,5.032105503388158,0.6461779371846252,4.046653442794244,6.378025613739732,1.0102440156213077
1,$K_D$,-6.3917337463091135,0.2322595886769137,-6.983600647780685,-6.053271772204658,1.0078721169651101
2,$k_2$,-2.106776336451576,0.7493641025759754,-3.8091868055198015,-1.0662759891486635,1.0083415135450566
3,C,0.5482278594207515,0.08539614921863246,0.35241531762902395,0.6941973674885151,1.0103373703295353
4,b,3.407169009492372,0.002251616176266664,3.4028452118670156,3.4117909664088755,1.0217665413875296
