,parameter,mean,std,2.5%,97.5%,rhat
0,$k_{on}$,5.795492342004484,0.48106753750823533,5.274674989900701,6.885430597397079,1.4020015960985857
1,$K_D$,-7.419024638102183,0.684933814124576,-8.190518584189128,-6.45641267034812,5.279910363825055
2,$k_2$,-3.294367840307034,2.0800807506639334,-7.537850661884939,-1.0445393592178318,1.919318373775754
3,C,0.2511679402816299,0.15378993587704837,0.07879922737838181,0.41529547321838456,18.145227999418257
4,b,3.7981101859275013,0.18458859386180881,3.327671872499096,3.9934737907113136,1.3370801676696518
