,parameter,mean,std,2.5%,97.5%,rhat
0,$k_{on}$,5.091702262170947,0.24894886940578437,4.594568769028224,5.566369111539377,1.0054268811883897
1,$K_D$,-6.147833862310412,0.10051719975815686,-6.387982546314002,-6.008698359920845,1.0008939665214813
2,$k_2$,-1.2661307923480578,0.22400036787236244,-1.8343045248149301,-1.0096615764515955,1.0177123831856132
3,C,0.32178787445041157,0.036483081043147375,0.24555392237564894,0.3896142984435233,1.008897619507933
4,b,3.4198353049330463,0.004639189265021259,3.4103710746869336,3.429023100331245,1.0110178399585448
