,parameter,mean,std,2.5%,97.5%,rhat
0,$k_{on}$,5.616731024105438,0.3854696846187891,5.3701854078621745,6.768964032837045,1.6419995272833325
1,$K_D$,-7.072910941031134,0.7045405762784598,-8.316148899598804,-6.291043911692602,3.9712017138363405
2,$k_2$,-3.0146725036573416,1.8019658383585007,-7.3807177978121175,-1.2264595893090124,2.8645635871427717
3,C,0.3559355662743338,0.1335582900035577,0.11158650886869902,0.4462297528620358,17.710805138125625
4,b,3.811031666973384,0.23405327010171256,3.108485182828339,3.9956376869816235,1.661498158609914
