CONCENTRATION,RLU
0.01, 0.34942528735632183
0.03049617979868401, 0.6436781609195402
0.09020360210610162, 1.489655172413793
0.27932050543791054, 2.7586206896551726
0.8261925230937857, 4.137931034482759
2.4437664687235348, 4.413793103448276
7.339587321491084, 4.560919540229885
22.382937460433368, 5.3517241379310345
67.22472302688335, 5.645977011494253