CONCENTRATION,RLU
0.010153914430307191, 0.0367816091954023
0.03049617979868401, 0.01839080459770115
0.09020360210610162, 0.1839080459770115
0.27091672745497064, 0.6988505747126437
0.8136689832915897, 1.3241379310344827
2.481379561107275, 2.593103448275862
7.339587321491084, 3.5126436781609196
22.043653818497056, 5.3517241379310345
67.22472302688335, 6.988505747126437