CONCENTRATION,RLU
0.01, 0.0735632183908046
0.030033914514445436, 0.1839080459770115
0.09020360210610162, 0.42298850574712643
0.27091672745497064, 1.1586206896551725
0.8136689832915897, 2.1333333333333333
2.481379561107275, 3.6045977011494252
7.339587321491084, 4.1563218390804595
22.043653818497056, 5.002298850574713
66.20572143707693, 5.75632183908046