CONCENTRATION,RLU
0.009848418625778656, 0.20229885057471264
0.029578656310910834, 0.4045977011494253
0.09020360210610162, 0.9563218390804598
0.27932050543791054, 2.593103448275862
0.8261925230937857, 3.9908045977011493
2.4067235207630193, 4.358620689655172
7.452554161618802, 4.652873563218391
22.382937460433368, 4.744827586206896
65.20216601340216, 4.708045977011494