,parameter,mean,std,2.5%,97.5%,rhat
0,$k_{on}$,5.488180005201496,0.6061242037867626,4.126732346842465,6.421939953401148,1.00913657872419
1,$K_D$,-7.869593818205558,0.38966015763454337,-8.81896551927419,-7.294155264861168,1.0067484567461022
2,$k_2$,-5.394551301772257,1.0791798697639883,-8.09934906598509,-4.048423788122751,1.00414865181771
3,C,0.48528145810633766,0.07209453843719561,0.3331050575633769,0.6123620300224711,1.002468378063442
