,parameter,mean,std,2.5%,97.5%,rhat
0,$k_{on}$,5.571877665434351,0.6737605621152888,4.137490553681817,6.466146066920755,1.168003296913862
1,$K_D$,-8.09612617553554,0.9586961847651931,-10.320075994499389,-6.666485940751511,1.1389369286167306
2,$k_2$,-6.088382061580829,1.3681671786225487,-8.774431653671543,-4.112636321270658,1.138158483832488
3,C,0.1820778289234515,0.4387165671382343,-0.3043335381314822,0.9863417740373812,4.061994049431994
