,parameter,mean,std,2.5%,97.5%,rhat
0,$k_{on}$,5.519292629599613,0.5617601742753037,4.230698106497456,6.428213065968919,1.0474787418352713
1,$K_D$,-8.731579912377622,2.3021053134275724,-11.821436413596901,-4.505740701671526,2.2422381794223303
2,$k_2$,-6.7460029829579655,1.3471991791807343,-8.866465325541562,-4.22765993195366,1.0176597864107202
3,C,0.17200801329010126,0.6499413606915923,-0.3944741745233828,1.8231519672337688,2.523319093205143
