,parameter,mean,std,2.5%,97.5%,rhat
0,$k_{on}$,5.239183017469157,0.693219780623904,4.076847777793045,6.4086469481468455,1.0021997457091103
1,$K_D$,-5.041429957599726,0.5168645392621857,-6.125138573776119,-4.249901209992058,1.0023607304173623
2,$k_2$,-6.459085382281053,1.4332843509722695,-8.890190386567765,-4.123829155179915,1.0024903261730187
3,C,1.2292640275454434,0.46177706060915924,0.3227000980501433,1.9599083704010507,1.0020766245604444
