,parameter,mean,std,2.5%,97.5%,rhat
0,$k_{on}$,5.178099441874721,0.5852537355806139,4.174487603190041,6.347285764228822,1.002542032711486
1,$K_D$,-7.071221999833539,0.02858976527981105,-7.125229709236647,-7.012647009501807,1.0041898379577183
2,$k_2$,-5.402376223235226,1.2199322089218398,-8.540264327562824,-4.046690459855813,1.003108732857939
3,C,0.9655767198159054,0.008866105793104177,0.9482934620224944,0.983353292774239,1.003463777731078
