,parameter,mean,std,2.5%,97.5%,rhat
0,$k_{on}$,5.650906875174176,0.4667161363910149,4.816071156757297,6.445277488814014,1.0017332554610912
1,$K_D$,-7.878456412031219,0.03294013903185481,-7.945712804640922,-7.813622827028396,1.0013885934762294
2,$k_2$,-6.015701548271335,1.0180786787661174,-8.443916850823875,-4.285030980514279,1.008973479584191
3,C,1.2102703476467216,0.007033961721442261,1.1960928833898126,1.224464485548316,1.0012589453151424
