,parameter,mean,std,2.5%,97.5%,rhat
0,$k_{on}$,5.6053598303690295,0.20211925395629093,5.331016763615731,6.177392159031753,1.0080844874368933
1,$K_D$,-8.832020618123403,0.0647345008936618,-8.973390530262456,-8.713421532725249,1.0038706539569477
2,$k_2$,-5.002508268803008,0.25750364015239224,-5.5225595617239245,-4.483538168027945,1.0034573424441147
3,C,1.5622430025550003,0.008304674518190178,1.5466537128423938,1.5796080496947473,1.0041374678273483
