,parameter,mean,std,2.5%,97.5%,rhat
0,$k_{on}$,5.015264885812824,0.2182848198045674,4.6822508673086585,5.527273408365416,1.0070016571474438
1,$K_D$,-10.221262215680445,1.0312156131677124,-11.908141686332366,-8.406200779278976,1.0053037624082002
2,$k_2$,-5.571737633307302,0.8958560347864664,-7.779996280447033,-4.2242285444357766,1.0014797717566792
3,C,1.6238852065417027,0.0788055843392018,1.4621012542242493,1.7393717729245946,1.0017749498419923
