,parameter,mean,std,2.5%,97.5%,rhat
0,$k_{on}$,5.589653313454081,0.5619440455018853,4.451108947504043,6.437158578495644,1.0779625538312954
1,$K_D$,-8.104018048896172,0.25576313323053146,-8.595881919033069,-7.647952942631933,1.3958835833971053
2,$k_2$,-6.029822028620243,1.5883668529888306,-8.836936752023107,-4.020550798392415,1.390303663267112
3,C,0.7957263029197167,0.28487004011104755,0.5651841669485512,1.3132177044962807,9.148716650934436
