,parameter,mean,std,2.5%,97.5%,rhat
0,$k_{on}$,5.225408536581576,0.6821411407883887,4.070132549967459,6.430716537269199,1.017829689277734
1,$K_D$,-5.479836662117487,1.3575083170745603,-9.790211512453387,-4.10271867059774,1.6569888545248326
2,$k_2$,-6.4647190127776,1.335539681032492,-8.835924832386617,-4.191898891623397,1.0158260543022954
3,C,0.8796151830401241,0.6802952343139355,-0.4635738775854387,1.9402903498796817,1.3987359354819886
