,parameter,mean,std,2.5%,97.5%,rhat
0,$k_{on}$,5.134673473953717,0.357574154489535,4.46788862713937,5.899936133162658,1.0079615567759888
1,$K_D$,-6.431140909868452,0.05891602265246812,-6.555528927909171,-6.3177150872720755,1.0022107831553488
2,$k_2$,-4.413412289593603,0.36058273747626585,-5.335478430666785,-4.012729889741195,1.0108273693429168
3,C,0.6226389108037985,0.027323795941005227,0.567461422436507,0.6772902936779196,1.0027328050985147
