,parameter,mean,std,2.5%,97.5%,rhat
0,$k_{on}$,5.0674264023693825,0.041612815773951234,4.988042648249366,5.1525341213577,1.0024357635918695
1,$K_D$,-8.50982720967317,0.09680483004216349,-8.725520335349902,-8.335993949095846,1.003396341808235
2,$k_2$,-4.293513033375789,0.19910369811717296,-4.730595906573557,-4.013756194386031,1.0020597884626645
3,C,1.4880070953768612,0.007696669312294667,1.471438659314612,1.5021404703720045,1.0043840500153012
