,parameter,mean,std,2.5%,97.5%,rhat
0,$k_{on}$,5.6646571998078254,0.4715021959070156,4.808270885788334,6.440374425965501,1.0049635060813211
1,$K_D$,-7.956650488412834,0.04922788126539798,-8.058748875980971,-7.863622974051393,1.0033684979361726
2,$k_2$,-6.251180000702204,1.3888138186972139,-8.822124985307976,-4.138616354561682,1.010046602156472
3,C,1.2803063739991607,0.009787853988113184,1.2609423191464415,1.299361463031582,1.0057872619849724
