,parameter,mean,std,2.5%,97.5%,rhat
0,$k_{on}$,5.952095403635412,0.3346825323168709,5.312468929106647,6.466315136838053,1.0033064561188534
1,$K_D$,-8.615818054437353,0.07116367005308802,-8.768129156060434,-8.486528765925188,1.0024016696614315
2,$k_2$,-7.319548486919769,0.5599076498618681,-8.48145582318455,-6.332847353518027,1.0065706810419683
3,C,0.9089929515862212,0.009431288435136817,0.8897389218609685,0.9274285980373588,1.0026007607153447
