,parameter,mean,std,2.5%,97.5%,rhat
0,$k_{on}$,6.0693919831962395,0.27908412360253804,5.486890691504649,6.481614183396349,1.0088735403478903
1,$K_D$,-8.936901985646665,0.1436697048064103,-9.232686274776126,-8.693251496995172,1.0065672775996657
2,$k_2$,-8.54911286041014,0.30157544058902463,-8.980848828708014,-7.88634962025734,1.0054913064259514
3,C,0.9009864947074937,0.011157837620621098,0.8790563589072252,0.9227893794905163,1.007645436567593
