,parameter,mean,std,2.5%,97.5%,rhat
0,$k_{on}$,4.025856843398943,0.023734162132275877,4.000716455496659,4.088554920585614,1.0190618490957135
1,$K_D$,-5.04957446940287,0.029552313224044433,-5.113184175002978,-4.994126973284326,1.0117699874006447
2,$k_2$,-4.028813825213103,0.02682960602946224,-4.098737884493255,-4.000624561963812,1.0212704678153313
3,C,0.9388011007177012,0.012833701469810648,0.9131071298136268,0.9652722369862343,1.0151305553578263
