Concentration,MFI
0.02906166306341231, 0.01642710472279261
0.09068364278588723, 0.09856262833675565
0.2666842858470492, 0.1971252566735113
0.8321582444058404, 0.5092402464065708
2.447227750269015, 1.8562628336755647
7.282673875291307, 4.780287474332649
22.45697995539774, 6.669404517453799
66.04193962330305, 6.9486652977412735