Concentration,MFI
0.02906166306341231, 0.14784394250513347
0.09068364278588723, 0.14784394250513347
0.2698642969214584, 0.2135523613963039
0.8223523068918399, 0.5420944558521561
2.5966559729348697, 1.4620123203285422
7.457390284232995, 4.041067761806982
22.9957385158757, 6.193018480492813
68.43272519862067, 6.3901437371663246