Concentration,MFI
0.029408201705870638, 0.06570841889117043
0.0875154926872247, 0.01642710472279261
0.2698642969214584, 0.06570841889117043
0.8321582444058404, 0.26283367556468173
2.50593844522957, 0.8870636550308009
7.457390284232995, 2.217659137577002
22.19235271211058, 4.188911704312115
65.26371848855732, 4.895277207392198