Concentration,MFI
0.028719207942684365, 0.09856262833675565
0.08961505019466046, 0.1806981519507187
0.2730822272545944, 0.26283367556468173
0.8030857221391512, 0.75564681724846
2.4764091147530127, 2.135523613963039
7.282673875291307, 4.53388090349076
21.930843767812366, 6.587268993839836
64.4946677103762, 6.685831622176591