Concentration,MFI
0.030472808603176513, 0.03285420944558522
0.09068364278588723, 0.03285420944558522
0.2698642969214584, 0.1806981519507187
0.8321582444058404, 0.5256673511293635
2.447227750269015, 1.3963039014373717
7.546314097703027, 4.172484599589323
22.19235271211058, 6.176591375770021
66.04193962330305, 6.751540041067762