concentration, cytotoxicity RLU
0.010607181496353152, 1.0738255033557047
0.03064784905370031, 0.2684563758389262
0.0953235043920515, 5.369127516778524
0.27542287033381674, 4.697986577181208
0.8566432555816558, 13.557046979865772
2.475141318074314, 19.86577181208054
7.474807281756638, 27.91946308724832
22.24333998485111, 32.080536912751676
68.17105263058536, 53.02013422818792