concentration, cytotoxicity RLU
0.010764652136298349, 1.2080536912751678
0.03064784905370031, 0.6711409395973155
0.09120108393559097, 3.7583892617449663
0.27542287033381674, 6.845637583892618
0.8317637711026713, 11.006711409395972
2.438933730278913, 16.91275167785235
7.474807281756638, 19.86577181208054
22.90867652767775, 25.906040268456376
69.1830970918937, 35.033557046979865