concentration, cytotoxicity RLU
0.010148456628180952, 5.23489932885906
0.03110283668685142, 5.906040268456376
0.0939290651618399, 10.46979865771812
0.2674237657088992, 20.40268456375839
0.8441118555927689, 19.59731543624161
2.5118864315095797, 24.966442953020135
7.585775750291844, 26.57718120805369
23.24877101501645, 22.550335570469798
67.17381285473813, 26.174496644295303