concentration, cytotoxicity RLU
0.010607181496353152, 3.221476510067114
0.031564578912990714, 5.906040268456376
0.09255502447634359, 10.87248322147651
0.2795117053991846, 18.389261744966444
0.8317637711026713, 21.476510067114095
2.5118864315095797, 22.550335570469798
7.585775750291844, 24.966442953020135
22.24333998485111, 26.711409395973156
67.17381285473813, 31.677852348993287