CONCENTRATION,MFI
0.030718143012686966, 0.006507592190889371
0.09315103293454989, 0.009761388286334056
0.278854817172629, 0.009761388286334056
0.8565902153685495, 0.06182212581344902
2.597561425840544, 0.1594360086767896
7.676337514650758, 0.351409978308026
22.979709690469626, 0.588937093275488
69.68467115083241, 0.7125813449023861