CONCENTRATION,MFI
0.030718143012686966, 0.019522776572668113
0.09315103293454989, 0.07483731019522777
0.27528079279687007, 0.14316702819956614
0.813512341147283, 0.2960954446854664
2.531403315241567, 0.6605206073752711
7.480826455225086, 0.8492407809110629
22.39443222210619, 0.9793926247288502
67.90985029955714, 1.0509761388286334