CONCENTRATION,MFI
0.03111696267166116, 0.05856832971800434
0.09315103293454989, 0.11713665943600868
0.27528079279687007, 0.23752711496746204
0.8347734492114157, 0.4880694143167028
2.5642690196070235, 0.7288503253796095
7.384946253574328, 0.9468546637744034
23.278059756041426, 1.0379609544468547
69.68467115083241, 1.0835140997830803