,parameter,mean,std,2.5%,97.5%,rhat
0,$k_{on}$,6.159528126198492,0.45687296924240856,5.286013879008807,6.949434990439452,1.0084285331256686
1,$K_D$,-8.363584839012441,0.316184126330403,-9.12409788025138,-7.831289429605974,1.0088693000262159
2,$k_2$,-4.36887230194439,1.8017089283103465,-7.573054249530273,-1.1669665311359032,1.012700331195729
3,C,0.14147191697239822,0.09855384677522164,-0.06424836032840288,0.3154611260294777,1.0101515837415882
4,b,3.982084526269006,0.0165846404845877,3.939560002999388,3.9993560028307775,1.0229001191299645
