,parameter,mean,std,2.5%,97.5%,rhat
0,$k_{on}$,6.008681840249514,0.4033865414176805,5.472673045427541,6.902348002393206,1.336446710352762
1,$K_D$,-7.52265475100225,0.5721575560621347,-8.161252054637812,-6.661469460986586,3.9226938920706473
2,$k_2$,-2.283454185930001,1.0933786898557407,-4.896625938712331,-1.060859411511471,1.3190148757969726
3,C,0.26368957787859526,0.21867966062883493,0.021331165191577874,0.4985630748679372,17.373766918201568
4,b,3.4445031675140765,0.02132098199477028,3.413740703349317,3.475086470824522,3.553713291875226
