,parameter,mean,std,2.5%,97.5%,rhat
0,$k_{on}$,5.7724671838566834,0.3535755530007734,5.463407573915343,6.789822322904339,2.012621675696386
1,$K_D$,-7.64899007713355,0.38531498636309214,-8.314250239576646,-7.04907032903724,2.2903494662639723
2,$k_2$,-3.2929462344003464,0.5997209182854184,-4.690048968817178,-2.0225593202008203,1.1249754082308723
3,C,0.4242273763897361,0.13960759981411497,0.15841821142525522,0.5411362230830933,7.136331468396639
4,b,3.512646208897545,0.03879485939466904,3.435416429965785,3.560506537308917,2.77843788525316
