CONCENTRATION,MFI
0.01695945003342086, 0.01
0.06571235910111468, 0.017241379310344827
0.26878916905853123, 0.07471264367816091
1.0556729942333292, 0.2471264367816092
4.318114138633851, 0.6551724137931034
16.95945003342086, 1.1896551724137931
67.51678666948594, 1.471264367816092