CONCENTRATION,MFI
0.016731289420254442, 0.06321839080459771
0.06571235910111468, 0.12068965517241378
0.26160561352140127, 0.3045977011494253
1.0700689556931746, 0.8850574712643678
4.2600212424814545, 1.7241379310344827
16.73128942025444, 1.764367816091954
67.51678666948594, 1.8045977011494252