CONCENTRATION,MFI
0.01650619832085751, 0.011494252873563218
0.06571235910111468, 0.011494252873563218
0.26160561352140127, 0.06321839080459771
1.0556729942333292, 0.2471264367816092
4.09038988609331, 0.7528735632183908
16.2841354401325, 1.3908045977011494
70.3167554794647, 1.6666666666666667