CONCENTRATION,MFI
0.01695945003342086, 0.08045977011494253
0.0675167866694859, 0.14367816091954022
0.26160561352140127, 0.43103448275862066
1.0414707059991675, 1.132183908045977
4.146169559796819, 1.839080459770115
16.73128942025444, 1.9827586206896552
69.37076289040954, 1.867816091954023